total_meetings,lead_score,customer_sentiment,buying_intent,relationship_strength,budget_status,decision_maker_involvement,customer_urgency,main_objections,product_interest_level,meeting_outcome,customer_requirements,risk_factors,competitor_mention,engagement_score,implementation_readiness,upsell_opportunity,deal_score,predicted_deal_score,priority_band,recommended_action,absolute_error
3,28.1,Positive,Medium,10,Partially Approved,Yes,Low,No Objections,Very High,Proposal Sent,Compliance-driven Requirements,No Risk Identified,No,69.1,Partially Ready,Yes,70,68.23,MEDIUM,"Nurture - resolve open objections, confirm budget.",1.77
10,66.8,Positive,Medium,8,Not Allocated,Yes,High,Price Too High; Security / Compliance Concerns; Unfavorable Contract Terms,High,Proposal Sent,Enterprise-grade Security,Technical Concerns,Yes,75.2,Ready,No,46,39.46,LOW,Qualify further before investing sales capacity.,6.54
7,38.7,Neutral,Low,2,Not Allocated,Indirect,High,Budget Not Allocated; Missing Features,Medium,Discussed Requirements,API / Technical Integration,No Risk Identified,No,74.3,Partially Ready,No,36,37.7,LOW,Qualify further before investing sales capacity.,1.7
11,45.1,Positive,High,9,Under Review,Yes,High,No Objections,High,Verbal Agreement,Standard Package,Budget Constraints,No,58.4,Fully Ready,No,69,65.39,MEDIUM,"Nurture - resolve open objections, confirm budget.",3.61
6,90.8,Positive,Medium,5,Fully Approved,Yes,Medium,No Objections,Very High,Discussed Requirements,Scalable Infrastructure,Economic Uncertainty,Yes,70.1,Ready,No,76,72.28,MEDIUM,"Nurture - resolve open objections, confirm budget.",3.72
9,36.8,Positive,High,7,Under Review,Indirect,High,Lack of Internal Buy-in; Long Implementation Time,High,Proposal Sent,Customized Integration,No Risk Identified,No,30.9,Partially Ready,No,58,43.48,LOW,Qualify further before investing sales capacity.,14.52
5,95.0,Neutral,High,3,Partially Approved,No,Medium,No Objections,Medium,Discussed Requirements,Compliance-driven Requirements,Technical Concerns,No,48.1,Not Ready,No,42,39.21,LOW,Qualify further before investing sales capacity.,2.79
9,13.4,Neutral,Low,6,Not Allocated,Indirect,Medium,No Objections,High,Discussed Requirements,Basic Feature Set,Stakeholder Turnover,No,97.9,Ready,No,56,40.74,LOW,Qualify further before investing sales capacity.,15.26
7,56.9,Negative,Medium,4,Partially Approved,No,High,Price Too High,Very High,Proposal Sent,Standard Package,No Risk Identified,No,59.1,Fully Ready,No,61,57.31,MEDIUM,"Nurture - resolve open objections, confirm budget.",3.69
4,79.0,Neutral,Medium,2,Partially Approved,No,Medium,No Urgent Business Need,High,Rescheduled,Basic Feature Set,No Risk Identified,No,57.8,Fully Ready,No,50,50.57,MEDIUM,"Nurture - resolve open objections, confirm budget.",0.57
4,5.4,Negative,Low,3,Under Review,Indirect,Low,Missing Features; Price Too High,Low,Rescheduled,Enterprise-grade Security,No Risk Identified,Yes,39.0,Fully Ready,Yes,32,36.25,LOW,Qualify further before investing sales capacity.,4.25
6,76.1,Neutral,Low,4,Under Review,Yes,Low,Price Too High,Very High,Verbal Agreement,Customized Integration,No Risk Identified,No,89.8,Ready,Yes,50,58.66,MEDIUM,"Nurture - resolve open objections, confirm budget.",8.66
9,85.1,Positive,Low,10,Under Review,Yes,Medium,No Urgent Business Need,Low,Verbal Agreement,Multi-department Rollout,No Risk Identified,Yes,85.6,Not Ready,No,54,48.39,LOW,Qualify further before investing sales capacity.,5.61
7,90.5,Positive,Medium,10,Fully Approved,Yes,High,Competitor Preference; Unfavorable Contract Terms,High,Verbal Agreement,Compliance-driven Requirements,No Risk Identified,Yes,77.2,Ready,No,86,81.95,HIGH,Prioritise - push for close this cycle.,4.05
8,15.6,Negative,Low,3,Not Allocated,Indirect,Low,No Objections,Medium,Proposal Sent,Basic Feature Set,Budget Constraints,No,71.7,Fully Ready,No,42,43.46,LOW,Qualify further before investing sales capacity.,1.46
5,68.8,Neutral,Low,6,Under Review,No,Low,Lack of Internal Buy-in; Price Too High,Low,No Show / Cancelled,Standard Package,No Risk Identified,Yes,68.8,Fully Ready,No,32,39.24,LOW,Qualify further before investing sales capacity.,7.24
6,36.4,Negative,Medium,3,Partially Approved,No,Medium,Price Too High,High,No Show / Cancelled,Multi-department Rollout,No Risk Identified,No,35.5,Ready,No,39,41.93,LOW,Qualify further before investing sales capacity.,2.93
6,9.6,Negative,Low,2,Fully Approved,Indirect,Medium,Unfavorable Contract Terms,Low,No Show / Cancelled,Basic Feature Set,No Risk Identified,No,8.6,Fully Ready,No,41,47.87,LOW,Qualify further before investing sales capacity.,6.87
7,5.7,Neutral,Medium,3,Under Review,No,Medium,Price Too High,Medium,Rescheduled,Standard Package,No Risk Identified,No,63.9,Ready,No,49,47.13,LOW,Qualify further before investing sales capacity.,1.87
7,43.8,Negative,High,5,Under Review,Indirect,High,No Objections,Very High,Verbal Agreement,Basic Feature Set,No Risk Identified,Yes,67.8,Ready,Yes,59,61.32,MEDIUM,"Nurture - resolve open objections, confirm budget.",2.32
6,48.0,Positive,Low,9,Under Review,Yes,Medium,No Urgent Business Need,High,Proposal Sent,Scalable Infrastructure,Budget Constraints,No,39.3,Fully Ready,No,62,56.17,MEDIUM,"Nurture - resolve open objections, confirm budget.",5.83
7,82.5,Neutral,Low,8,Partially Approved,Indirect,Low,Long Implementation Time; Price Too High,Low,Proposal Sent,Multi-department Rollout,No Risk Identified,Yes,86.2,Not Ready,No,46,42.3,LOW,Qualify further before investing sales capacity.,3.7
8,41.2,Negative,Medium,3,Not Allocated,No,Medium,Missing Features,Medium,Rescheduled,Multi-department Rollout,Economic Uncertainty,No,63.3,Fully Ready,No,39,35.09,LOW,Qualify further before investing sales capacity.,3.91
3,39.0,Positive,Medium,4,Partially Approved,Indirect,Critical,No Objections,High,Proposal Sent,Scalable Infrastructure,No Risk Identified,No,29.0,Ready,No,57,63.43,MEDIUM,"Nurture - resolve open objections, confirm budget.",6.43
5,71.3,Positive,Low,5,Under Review,Yes,Low,No Objections,High,Rescheduled,Scalable Infrastructure,Competitor Pressure,Yes,45.8,Not Ready,No,35,44.21,LOW,Qualify further before investing sales capacity.,9.21
3,89.6,Neutral,High,5,Partially Approved,Yes,Medium,No Urgent Business Need,Very High,Proposal Sent,Customized Integration,Budget Constraints,No,12.5,Fully Ready,Yes,70,71.4,MEDIUM,"Nurture - resolve open objections, confirm budget.",1.4
3,69.4,Neutral,High,7,Partially Approved,Indirect,Critical,No Objections,Very High,Proposal Sent,Scalable Infrastructure,No Risk Identified,No,59.7,Not Ready,Yes,75,67.47,MEDIUM,"Nurture - resolve open objections, confirm budget.",7.53
8,78.7,Positive,Low,8,Not Allocated,Yes,Low,No Urgent Business Need; Price Too High; Security / Compliance Concerns,Medium,Proposal Sent,Compliance-driven Requirements,Economic Uncertainty,No,8.0,Fully Ready,Yes,47,44.47,LOW,Qualify further before investing sales capacity.,2.53
5,25.2,Neutral,High,4,Not Allocated,No,High,No Objections,High,Discussed Requirements,Scalable Infrastructure,Economic Uncertainty,No,42.6,Ready,Yes,36,36.13,LOW,Qualify further before investing sales capacity.,0.13
4,70.7,Negative,Medium,5,Fully Approved,Indirect,Low,No Objections,High,Discussed Requirements,Scalable Infrastructure,No Risk Identified,No,30.0,Partially Ready,No,48,58.8,MEDIUM,"Nurture - resolve open objections, confirm budget.",10.8
7,65.2,Neutral,Low,6,Fully Approved,Yes,Low,Security / Compliance Concerns,Very High,Discussed Requirements,Customized Integration,No Risk Identified,No,53.9,Ready,Yes,60,62.65,MEDIUM,"Nurture - resolve open objections, confirm budget.",2.65
8,22.7,Negative,Low,6,Under Review,No,Medium,No Objections,Medium,Discussed Requirements,Basic Feature Set,Internal Politics,No,37.1,Not Ready,No,41,35.42,LOW,Qualify further before investing sales capacity.,5.58
10,97.2,Positive,Medium,8,Partially Approved,Yes,Medium,No Urgent Business Need,High,Verbal Agreement,Basic Feature Set,No Risk Identified,No,81.4,Ready,No,78,77.15,HIGH,Prioritise - push for close this cycle.,0.85
5,28.8,Neutral,Medium,2,Partially Approved,No,Medium,No Urgent Business Need,Medium,Discussed Requirements,Compliance-driven Requirements,No Risk Identified,Yes,5.1,Ready,Yes,38,41.13,LOW,Qualify further before investing sales capacity.,3.13
5,52.1,Neutral,Low,6,Not Allocated,No,Critical,Price Too High,Medium,No Show / Cancelled,Standard Package,Stakeholder Turnover,No,33.8,Partially Ready,No,27,28.03,LOW,Qualify further before investing sales capacity.,1.03
5,46.4,Negative,Medium,2,Not Allocated,No,Low,Budget Not Allocated,High,Discussed Requirements,Scalable Infrastructure,Economic Uncertainty,No,10.9,Ready,No,39,37.78,LOW,Qualify further before investing sales capacity.,1.22
5,30.7,Neutral,Medium,6,Not Allocated,Yes,Medium,Competitor Preference; Price Too High,Medium,No Show / Cancelled,Basic Feature Set,Economic Uncertainty,Yes,4.4,Not Ready,No,29,28.82,LOW,Qualify further before investing sales capacity.,0.18
6,10.8,Negative,Medium,3,Not Allocated,No,Critical,Competitor Preference; Lack of Internal Buy-in; Price Too High,Low,No Show / Cancelled,Customized Integration,Stakeholder Turnover,Yes,39.7,Fully Ready,Yes,19,20.09,VERY LOW,Deprioritise or disqualify.,1.09
5,65.9,Negative,Medium,1,Fully Approved,Indirect,Low,Long Implementation Time,Medium,No Show / Cancelled,API / Technical Integration,Economic Uncertainty,No,12.2,Partially Ready,No,34,43.57,LOW,Qualify further before investing sales capacity.,9.57
4,20.4,Positive,Low,4,Fully Approved,Yes,Medium,Long Implementation Time,Low,Discussed Requirements,Multi-department Rollout,No Risk Identified,Yes,26.7,Not Ready,No,40,42.04,LOW,Qualify further before investing sales capacity.,2.04
6,35.2,Positive,Low,8,Under Review,Yes,High,Price Too High,Medium,Proposal Sent,Enterprise-grade Security,Technical Concerns,No,44.5,Not Ready,No,45,39.63,LOW,Qualify further before investing sales capacity.,5.37
6,20.1,Positive,Medium,8,Under Review,Yes,Low,Missing Features,Low,Discussed Requirements,Compliance-driven Requirements,Technical Concerns,No,32.2,Not Ready,Yes,49,41.35,LOW,Qualify further before investing sales capacity.,7.65
6,63.6,Positive,High,8,Partially Approved,Yes,Critical,Unfavorable Contract Terms,Medium,Discussed Requirements,Scalable Infrastructure,No Risk Identified,No,62.3,Ready,No,71,74.05,MEDIUM,"Nurture - resolve open objections, confirm budget.",3.05
6,89.2,Positive,Medium,4,Under Review,Indirect,High,Budget Not Allocated; Competitor Preference,Very High,Discussed Requirements,API / Technical Integration,Economic Uncertainty,Yes,16.4,Not Ready,No,46,38.84,LOW,Qualify further before investing sales capacity.,7.16
5,15.3,Neutral,Low,5,Under Review,Indirect,Medium,Long Implementation Time; No Urgent Business Need; Price Too High,Medium,Proposal Sent,Compliance-driven Requirements,Stakeholder Turnover,No,19.3,Not Ready,Yes,29,29.8,LOW,Qualify further before investing sales capacity.,0.8
14,47.6,Neutral,High,3,Not Allocated,Indirect,Medium,Budget Not Allocated; Price Too High,Medium,Proposal Sent,Standard Package,Budget Constraints,No,98.2,Ready,No,41,38.0,LOW,Qualify further before investing sales capacity.,3.0
9,24.9,Positive,High,6,Partially Approved,Yes,Medium,Security / Compliance Concerns; Unfavorable Contract Terms,High,Verbal Agreement,Basic Feature Set,No Risk Identified,Yes,83.0,Ready,Yes,68,73.55,MEDIUM,"Nurture - resolve open objections, confirm budget.",5.55
5,61.7,Neutral,Low,4,Under Review,No,High,Price Too High,Low,No Show / Cancelled,Standard Package,No Risk Identified,No,3.5,Fully Ready,No,34,41.04,LOW,Qualify further before investing sales capacity.,7.04
5,35.8,Neutral,Medium,4,Partially Approved,No,Medium,No Objections,High,No Show / Cancelled,Standard Package,Economic Uncertainty,No,40.0,Ready,No,43,44.77,LOW,Qualify further before investing sales capacity.,1.77
4,27.5,Positive,Low,8,Under Review,Indirect,Low,Price Too High,Very High,Verbal Agreement,Scalable Infrastructure,No Risk Identified,No,86.9,Ready,No,59,57.85,MEDIUM,"Nurture - resolve open objections, confirm budget.",1.15
6,88.6,Positive,Medium,9,Not Allocated,Yes,Medium,Price Too High,High,Proposal Sent,Multi-department Rollout,No Risk Identified,No,41.3,Not Ready,Yes,45,52.31,MEDIUM,"Nurture - resolve open objections, confirm budget.",7.31
7,42.5,Neutral,High,6,Not Allocated,Indirect,High,Price Too High,High,Proposal Sent,Scalable Infrastructure,No Risk Identified,No,80.1,Partially Ready,No,50,46.49,LOW,Qualify further before investing sales capacity.,3.51
4,80.0,Positive,High,2,Partially Approved,Indirect,High,No Objections,Very High,Verbal Agreement,Scalable Infrastructure,Budget Constraints,No,72.6,Ready,Yes,69,71.07,MEDIUM,"Nurture - resolve open objections, confirm budget.",2.07
5,46.7,Neutral,Medium,8,Under Review,No,Critical,Budget Not Allocated; Competitor Preference; Missing Features; Price Too High,Medium,Discussed Requirements,Basic Feature Set,Budget Constraints,Yes,4.1,Ready,No,35,33.73,LOW,Qualify further before investing sales capacity.,1.27
3,69.7,Positive,Low,4,Under Review,Indirect,Low,Budget Not Allocated; No Urgent Business Need; Poor Past Experience / Support,Very High,Discussed Requirements,Standard Package,Internal Politics,No,33.5,Partially Ready,No,39,43.19,LOW,Qualify further before investing sales capacity.,4.19
5,76.4,Neutral,High,3,Partially Approved,Indirect,Medium,Lack of Internal Buy-in; Security / Compliance Concerns,Very High,Discussed Requirements,API / Technical Integration,No Risk Identified,No,21.9,Fully Ready,No,58,59.49,MEDIUM,"Nurture - resolve open objections, confirm budget.",1.49
10,49.6,Neutral,High,7,Under Review,Indirect,Critical,Budget Not Allocated; Price Too High,High,Proposal Sent,API / Technical Integration,Internal Politics,Yes,25.4,Partially Ready,Yes,49,35.6,LOW,Qualify further before investing sales capacity.,13.4
7,37.7,Positive,High,3,Not Allocated,Yes,Critical,Missing Features,Low,Rescheduled,Scalable Infrastructure,Economic Uncertainty,No,73.3,Not Ready,Yes,27,40.08,LOW,Qualify further before investing sales capacity.,13.08
9,65.6,Negative,High,5,Partially Approved,Yes,Critical,No Objections,Very High,Discussed Requirements,API / Technical Integration,No Risk Identified,Yes,90.4,Fully Ready,No,80,69.23,MEDIUM,"Nurture - resolve open objections, confirm budget.",10.77
5,3.2,Neutral,Low,5,Not Allocated,Indirect,Medium,Long Implementation Time; No Urgent Business Need; Price Too High,Low,No Show / Cancelled,Customized Integration,No Risk Identified,No,50.0,Not Ready,No,22,27.81,LOW,Qualify further before investing sales capacity.,5.81
6,5.1,Neutral,Medium,7,Not Allocated,Indirect,Low,Missing Features; No Urgent Business Need; Security / Compliance Concerns,Low,No Show / Cancelled,Enterprise-grade Security,Economic Uncertainty,No,7.0,Fully Ready,No,29,34.96,LOW,Qualify further before investing sales capacity.,5.96
7,22.4,Positive,Medium,9,Not Allocated,Indirect,Critical,No Objections,Very High,Proposal Sent,Customized Integration,Economic Uncertainty,No,48.7,Fully Ready,Yes,45,45.33,LOW,Qualify further before investing sales capacity.,0.33
5,86.7,Positive,Low,3,Fully Approved,Yes,Low,No Objections,High,Discussed Requirements,Multi-department Rollout,Economic Uncertainty,No,19.9,Fully Ready,Yes,55,60.36,MEDIUM,"Nurture - resolve open objections, confirm budget.",5.36
9,86.4,Neutral,Medium,5,Under Review,Indirect,High,Competitor Preference; Lack of Internal Buy-in,Low,Discussed Requirements,Enterprise-grade Security,Internal Politics,Yes,90.1,Ready,Yes,33,37.46,LOW,Qualify further before investing sales capacity.,4.46
8,28.4,Negative,High,5,Under Review,No,Low,Lack of Internal Buy-in,Medium,Discussed Requirements,API / Technical Integration,Economic Uncertainty,No,71.0,Not Ready,No,40,37.11,LOW,Qualify further before investing sales capacity.,2.89
7,18.5,Negative,High,8,Not Allocated,No,Critical,Budget Not Allocated; Missing Features; Unfavorable Contract Terms,Medium,Rescheduled,Basic Feature Set,No Risk Identified,No,80.7,Fully Ready,No,28,41.66,LOW,Qualify further before investing sales capacity.,13.66
4,50.5,Positive,Medium,9,Not Allocated,Yes,High,Unfavorable Contract Terms,Very High,Proposal Sent,Compliance-driven Requirements,No Risk Identified,No,16.1,Partially Ready,No,48,47.21,LOW,Qualify further before investing sales capacity.,0.79
10,91.2,Negative,Medium,3,Partially Approved,No,Medium,Competitor Preference; Lack of Internal Buy-in,Low,Rescheduled,Multi-department Rollout,Competitor Pressure,Yes,23.5,Ready,No,23,28.06,LOW,Qualify further before investing sales capacity.,5.06
6,51.5,Negative,High,3,Fully Approved,Indirect,High,Lack of Internal Buy-in,Low,Discussed Requirements,API / Technical Integration,Economic Uncertainty,Yes,15.1,Fully Ready,No,56,53.16,MEDIUM,"Nurture - resolve open objections, confirm budget.",2.84
5,47.0,Negative,Medium,8,Not Allocated,No,Medium,Long Implementation Time; Price Too High,High,Proposal Sent,Scalable Infrastructure,Economic Uncertainty,No,78.1,Partially Ready,Yes,35,35.87,LOW,Qualify further before investing sales capacity.,0.87
4,94.4,Negative,Low,3,Under Review,Indirect,Medium,Price Too High,High,Rescheduled,API / Technical Integration,No Risk Identified,No,41.6,Partially Ready,Yes,57,46.89,LOW,Qualify further before investing sales capacity.,10.11
2,16.9,Negative,Low,2,Under Review,No,High,Poor Past Experience / Support; Price Too High,Very High,Discussed Requirements,Multi-department Rollout,Stakeholder Turnover,No,32.9,Fully Ready,No,39,32.6,LOW,Qualify further before investing sales capacity.,6.4
5,60.1,Positive,Medium,9,Fully Approved,Yes,Medium,No Urgent Business Need,Medium,Verbal Agreement,Customized Integration,No Risk Identified,No,58.1,Partially Ready,Yes,79,76.39,HIGH,Prioritise - push for close this cycle.,2.61
5,11.2,Neutral,High,1,Under Review,Indirect,High,Poor Past Experience / Support; Price Too High,Low,Proposal Sent,Multi-department Rollout,Technical Concerns,No,35.8,Ready,No,32,36.54,LOW,Qualify further before investing sales capacity.,4.54
7,18.8,Positive,Low,9,Not Allocated,Indirect,Medium,Budget Not Allocated; Long Implementation Time; Price Too High,Medium,Proposal Sent,Multi-department Rollout,Economic Uncertainty,No,9.0,Not Ready,Yes,33,29.98,LOW,Qualify further before investing sales capacity.,3.02
4,32.6,Negative,High,3,Under Review,No,Medium,Competitor Preference; Lack of Internal Buy-in; Missing Features,Medium,No Show / Cancelled,API / Technical Integration,No Risk Identified,Yes,6.4,Not Ready,No,21,29.0,LOW,Qualify further before investing sales capacity.,8.0
5,89.9,Negative,Low,2,Partially Approved,Indirect,Critical,No Objections,Low,No Show / Cancelled,Standard Package,Economic Uncertainty,Yes,6.0,Ready,No,47,40.97,LOW,Qualify further before investing sales capacity.,6.03
9,40.6,Positive,High,6,Partially Approved,Yes,High,Unfavorable Contract Terms,High,Verbal Agreement,Standard Package,Economic Uncertainty,No,17.7,Ready,No,70,72.97,MEDIUM,"Nurture - resolve open objections, confirm budget.",2.97
9,71.0,Negative,High,3,Fully Approved,Indirect,Critical,Price Too High,Medium,Rescheduled,Standard Package,No Risk Identified,Yes,49.7,Partially Ready,No,54,54.19,MEDIUM,"Nurture - resolve open objections, confirm budget.",0.19
4,17.6,Negative,Low,6,Fully Approved,No,High,No Objections,High,Rescheduled,API / Technical Integration,No Risk Identified,Yes,48.4,Not Ready,No,49,40.16,LOW,Qualify further before investing sales capacity.,8.84
7,74.8,Positive,Medium,4,Fully Approved,No,High,No Objections,High,Rescheduled,API / Technical Integration,No Risk Identified,No,87.5,Ready,No,65,59.49,MEDIUM,"Nurture - resolve open objections, confirm budget.",5.51
5,13.7,Neutral,Medium,7,Partially Approved,Indirect,High,Long Implementation Time,Low,No Show / Cancelled,Customized Integration,Budget Constraints,No,19.0,Not Ready,Yes,29,37.14,LOW,Qualify further before investing sales capacity.,8.14
6,87.6,Positive,High,9,Fully Approved,Yes,Critical,Unfavorable Contract Terms,Very High,Proposal Sent,Multi-department Rollout,No Risk Identified,No,65.5,Not Ready,Yes,91,87.8,HIGH,Prioritise - push for close this cycle.,3.2
6,4.1,Neutral,Medium,6,Not Allocated,Indirect,Critical,No Objections,Low,No Show / Cancelled,Basic Feature Set,Internal Politics,No,83.6,Not Ready,No,36,31.38,LOW,Qualify further before investing sales capacity.,4.62
15,57.2,Positive,High,9,Under Review,Yes,High,Competitor Preference; Price Too High,High,Verbal Agreement,Scalable Infrastructure,Technical Concerns,Yes,93.7,Ready,Yes,63,59.12,MEDIUM,"Nurture - resolve open objections, confirm budget.",3.88
6,95.6,Neutral,Medium,7,Fully Approved,Yes,High,Unfavorable Contract Terms,Very High,Verbal Agreement,Standard Package,No Risk Identified,Yes,42.9,Ready,No,85,80.37,HIGH,Prioritise - push for close this cycle.,4.63
5,8.3,Neutral,Low,4,Fully Approved,Indirect,Medium,No Urgent Business Need,Medium,Rescheduled,API / Technical Integration,No Risk Identified,No,11.2,Partially Ready,Yes,43,47.92,LOW,Qualify further before investing sales capacity.,4.92
4,6.0,Negative,Medium,3,Partially Approved,No,Low,Price Too High,High,No Show / Cancelled,API / Technical Integration,Technical Concerns,Yes,2.8,Ready,Yes,23,35.0,LOW,Qualify further before investing sales capacity.,12.0
4,30.0,Neutral,Low,5,Fully Approved,Indirect,Critical,Missing Features,Low,No Show / Cancelled,Multi-department Rollout,No Risk Identified,No,22.2,Not Ready,No,45,39.71,LOW,Qualify further before investing sales capacity.,5.29
5,64.9,Positive,Medium,7,Not Allocated,Indirect,Low,Budget Not Allocated; Long Implementation Time; Price Too High,Medium,Discussed Requirements,Enterprise-grade Security,Economic Uncertainty,Yes,66.5,Partially Ready,Yes,34,33.88,LOW,Qualify further before investing sales capacity.,0.12
7,57.9,Positive,High,10,Partially Approved,Yes,High,No Objections,Medium,Verbal Agreement,Basic Feature Set,No Risk Identified,No,95.9,Partially Ready,Yes,92,84.68,HIGH,Prioritise - push for close this cycle.,7.32
7,63.0,Neutral,High,5,Not Allocated,Indirect,Medium,Lack of Internal Buy-in; Price Too High,Medium,Proposal Sent,Standard Package,Stakeholder Turnover,No,76.9,Ready,No,40,42.76,LOW,Qualify further before investing sales capacity.,2.76
8,16.6,Negative,Low,1,Partially Approved,No,Low,No Objections,Low,Discussed Requirements,Customized Integration,No Risk Identified,No,95.0,Ready,No,33,43.4,LOW,Qualify further before investing sales capacity.,10.4
3,58.5,Negative,High,2,Under Review,No,Medium,No Objections,High,Proposal Sent,Standard Package,Economic Uncertainty,No,8.3,Partially Ready,No,48,42.28,LOW,Qualify further before investing sales capacity.,5.72
5,64.3,Negative,Medium,1,Partially Approved,No,Critical,No Objections,High,No Show / Cancelled,Basic Feature Set,Internal Politics,No,25.1,Partially Ready,No,49,39.92,LOW,Qualify further before investing sales capacity.,9.08
5,70.4,Positive,Medium,4,Under Review,No,Medium,Competitor Preference; Long Implementation Time; No Urgent Business Need,High,Proposal Sent,Scalable Infrastructure,No Risk Identified,Yes,31.6,Not Ready,No,24,39.19,LOW,Qualify further before investing sales capacity.,15.19
8,44.4,Neutral,High,8,Under Review,No,High,Budget Not Allocated; Lack of Internal Buy-in,High,Proposal Sent,Basic Feature Set,Internal Politics,No,75.9,Fully Ready,No,48,48.69,LOW,Qualify further before investing sales capacity.,0.69
11,59.8,Neutral,High,7,Fully Approved,Yes,Medium,Poor Past Experience / Support,Very High,Proposal Sent,Scalable Infrastructure,No Risk Identified,No,59.4,Not Ready,Yes,74,76.99,HIGH,Prioritise - push for close this cycle.,2.99
4,17.2,Positive,Low,7,Partially Approved,Indirect,Low,Poor Past Experience / Support; Price Too High,High,Proposal Sent,Basic Feature Set,Budget Constraints,No,35.1,Fully Ready,No,56,51.9,MEDIUM,"Nurture - resolve open objections, confirm budget.",4.1
6,40.9,Neutral,High,9,Under Review,Yes,Critical,Budget Not Allocated,Very High,Rescheduled,Basic Feature Set,No Risk Identified,No,92.0,Fully Ready,Yes,62,67.03,MEDIUM,"Nurture - resolve open objections, confirm budget.",5.03
5,48.3,Positive,Medium,10,Not Allocated,Yes,High,No Objections,Medium,Proposal Sent,Standard Package,No Risk Identified,Yes,66.8,Fully Ready,No,54,52.62,MEDIUM,"Nurture - resolve open objections, confirm budget.",1.38
2,98.5,Neutral,High,2,Partially Approved,Indirect,Low,No Urgent Business Need,Very High,Discussed Requirements,Standard Package,Budget Constraints,No,5.4,Partially Ready,No,40,47.67,LOW,Qualify further before investing sales capacity.,7.67
5,33.9,Positive,High,9,Fully Approved,Yes,High,No Objections,Very High,Discussed Requirements,Basic Feature Set,No Risk Identified,No,44.2,Fully Ready,No,79,78.85,HIGH,Prioritise - push for close this cycle.,0.15
3,79.6,Neutral,Low,7,Under Review,Indirect,Low,Long Implementation Time; Unfavorable Contract Terms,Medium,Proposal Sent,API / Technical Integration,Technical Concerns,Yes,51.6,Not Ready,Yes,40,31.49,LOW,Qualify further before investing sales capacity.,8.51
6,77.4,Negative,Medium,6,Under Review,Indirect,Low,Security / Compliance Concerns,High,Discussed Requirements,Enterprise-grade Security,No Risk Identified,No,4.7,Not Ready,No,35,42.47,LOW,Qualify further before investing sales capacity.,7.47
8,66.2,Neutral,Medium,1,Fully Approved,Yes,Low,No Urgent Business Need,High,Discussed Requirements,API / Technical Integration,No Risk Identified,No,46.5,Fully Ready,Yes,68,68.89,MEDIUM,"Nurture - resolve open objections, confirm budget.",0.89
10,63.3,Positive,Low,5,Partially Approved,Indirect,Medium,No Urgent Business Need,Low,Proposal Sent,Compliance-driven Requirements,No Risk Identified,No,91.7,Ready,Yes,55,53.18,MEDIUM,"Nurture - resolve open objections, confirm budget.",1.82
8,86.0,Positive,High,7,Under Review,Yes,High,Long Implementation Time,Very High,Verbal Agreement,Multi-department Rollout,No Risk Identified,No,72.3,Not Ready,Yes,65,66.34,MEDIUM,"Nurture - resolve open objections, confirm budget.",1.34
8,79.3,Neutral,High,7,Under Review,Indirect,Critical,Lack of Internal Buy-in; Long Implementation Time,Very High,Verbal Agreement,Customized Integration,No Risk Identified,No,52.6,Not Ready,Yes,54,50.63,MEDIUM,"Nurture - resolve open objections, confirm budget.",3.37
7,20.8,Neutral,Medium,4,Not Allocated,No,Low,No Objections,Very High,Proposal Sent,Multi-department Rollout,No Risk Identified,No,42.3,Partially Ready,No,41,37.23,LOW,Qualify further before investing sales capacity.,3.77
6,12.1,Neutral,Low,6,Partially Approved,Yes,Critical,Missing Features,Low,Rescheduled,Customized Integration,No Risk Identified,No,13.5,Not Ready,No,43,47.02,LOW,Qualify further before investing sales capacity.,4.02
7,25.9,Neutral,Medium,2,Under Review,No,High,No Objections,Very High,Rescheduled,Multi-department Rollout,Stakeholder Turnover,Yes,90.8,Fully Ready,Yes,44,41.45,LOW,Qualify further before investing sales capacity.,2.55
4,42.8,Negative,Medium,2,Partially Approved,Indirect,Medium,No Objections,Low,No Show / Cancelled,Customized Integration,No Risk Identified,Yes,18.7,Partially Ready,No,31,42.33,LOW,Qualify further before investing sales capacity.,11.33
7,77.7,Positive,High,7,Under Review,Indirect,Medium,Budget Not Allocated; Competitor Preference; Price Too High,Very High,Verbal Agreement,Customized Integration,Stakeholder Turnover,Yes,47.8,Fully Ready,Yes,67,53.39,MEDIUM,"Nurture - resolve open objections, confirm budget.",13.61
4,16.3,Negative,High,1,Partially Approved,No,High,No Objections,Low,Rescheduled,Basic Feature Set,No Risk Identified,No,41.9,Partially Ready,No,46,46.47,LOW,Qualify further before investing sales capacity.,0.47
6,30.4,Negative,Medium,5,Partially Approved,No,High,Missing Features,Low,No Show / Cancelled,Standard Package,Stakeholder Turnover,No,12.8,Ready,No,31,43.53,LOW,Qualify further before investing sales capacity.,12.53
5,38.0,Positive,Medium,8,Under Review,Yes,Critical,Price Too High,Low,Proposal Sent,Basic Feature Set,No Risk Identified,Yes,68.4,Partially Ready,No,52,53.93,MEDIUM,"Nurture - resolve open objections, confirm budget.",1.93
5,62.7,Negative,High,1,Fully Approved,No,High,No Objections,Very High,Rescheduled,API / Technical Integration,No Risk Identified,No,73.0,Ready,Yes,69,62.06,MEDIUM,"Nurture - resolve open objections, confirm budget.",6.94
4,80.3,Neutral,High,3,Under Review,Yes,High,Long Implementation Time; Security / Compliance Concerns; Unfavorable Contract Terms,Very High,Proposal Sent,Compliance-driven Requirements,No Risk Identified,No,9.6,Not Ready,No,51,50.53,MEDIUM,"Nurture - resolve open objections, confirm budget.",0.47
7,45.7,Positive,Medium,9,Fully Approved,Yes,High,Competitor Preference,Medium,Verbal Agreement,Customized Integration,No Risk Identified,Yes,28.0,Partially Ready,Yes,83,74.42,MEDIUM,"Nurture - resolve open objections, confirm budget.",8.58
6,55.6,Negative,High,3,Under Review,Yes,Medium,Budget Not Allocated,Very High,Discussed Requirements,Standard Package,Budget Constraints,No,86.6,Partially Ready,No,67,56.29,MEDIUM,"Nurture - resolve open objections, confirm budget.",10.71
5,74.5,Positive,High,6,Partially Approved,Indirect,Critical,Lack of Internal Buy-in; Security / Compliance Concerns,Medium,Verbal Agreement,Multi-department Rollout,No Risk Identified,No,7.7,Not Ready,No,61,56.99,MEDIUM,"Nurture - resolve open objections, confirm budget.",4.01
10,92.4,Neutral,Medium,8,Not Allocated,Yes,High,Price Too High,High,Proposal Sent,Customized Integration,Technical Concerns,Yes,34.2,Ready,Yes,49,42.56,LOW,Qualify further before investing sales capacity.,6.44
5,95.3,Neutral,Medium,8,Under Review,Indirect,Low,Budget Not Allocated; Competitor Preference; Security / Compliance Concerns,Very High,Proposal Sent,Compliance-driven Requirements,No Risk Identified,Yes,76.2,Not Ready,Yes,45,49.75,LOW,Qualify further before investing sales capacity.,4.75
11,8.9,Positive,High,10,Fully Approved,Yes,Critical,No Objections,Very High,Verbal Agreement,Customized Integration,No Risk Identified,No,62.6,Fully Ready,No,91,81.79,HIGH,Prioritise - push for close this cycle.,9.21
10,17.9,Neutral,Medium,6,Partially Approved,Indirect,Critical,No Objections,High,Proposal Sent,API / Technical Integration,Economic Uncertainty,No,33.2,Ready,Yes,60,53.57,MEDIUM,"Nurture - resolve open objections, confirm budget.",6.43
3,8.6,Negative,Medium,3,Under Review,Indirect,Low,No Urgent Business Need,Very High,Rescheduled,Customized Integration,No Risk Identified,Yes,9.9,Ready,Yes,30,41.52,LOW,Qualify further before investing sales capacity.,11.52
2,27.8,Neutral,Low,6,Partially Approved,Yes,Low,Missing Features; Unfavorable Contract Terms,Medium,Rescheduled,Standard Package,No Risk Identified,No,32.6,Partially Ready,No,52,47.36,LOW,Qualify further before investing sales capacity.,4.64
6,59.5,Positive,High,5,Under Review,Yes,Medium,Competitor Preference; Unfavorable Contract Terms,Low,Proposal Sent,Basic Feature Set,Economic Uncertainty,Yes,94.3,Partially Ready,No,58,51.1,MEDIUM,"Nurture - resolve open objections, confirm budget.",6.9
8,12.4,Positive,High,2,Not Allocated,Indirect,Critical,No Objections,Medium,Discussed Requirements,Multi-department Rollout,No Risk Identified,No,49.0,Fully Ready,Yes,46,42.83,LOW,Qualify further before investing sales capacity.,3.17
5,60.8,Negative,High,2,Partially Approved,Indirect,Critical,Poor Past Experience / Support,Very High,Rescheduled,Multi-department Rollout,Technical Concerns,No,56.8,Ready,Yes,48,52.22,MEDIUM,"Nurture - resolve open objections, confirm budget.",4.22
7,19.5,Neutral,High,4,Under Review,Indirect,High,Budget Not Allocated; Poor Past Experience / Support,Very High,Proposal Sent,Compliance-driven Requirements,No Risk Identified,No,23.2,Partially Ready,No,44,45.39,LOW,Qualify further before investing sales capacity.,1.39
4,72.3,Negative,Medium,2,Partially Approved,No,High,No Objections,High,Discussed Requirements,Standard Package,No Risk Identified,No,62.9,Not Ready,No,54,50.15,MEDIUM,"Nurture - resolve open objections, confirm budget.",3.85
5,26.5,Positive,Low,9,Not Allocated,Yes,Low,Budget Not Allocated; Competitor Preference; Price Too High; Unfavorable Contract Terms,Medium,Proposal Sent,Compliance-driven Requirements,Competitor Pressure,Yes,88.8,Not Ready,No,27,34.29,LOW,Qualify further before investing sales capacity.,7.29
4,93.1,Positive,High,10,Under Review,Yes,Critical,No Objections,Medium,Verbal Agreement,Scalable Infrastructure,No Risk Identified,No,38.1,Fully Ready,Yes,70,72.83,MEDIUM,"Nurture - resolve open objections, confirm budget.",2.83
2,8.0,Negative,Low,1,Not Allocated,No,Medium,Lack of Internal Buy-in; Missing Features,Low,No Show / Cancelled,Customized Integration,Economic Uncertainty,No,20.6,Not Ready,No,22,20.1,VERY LOW,Deprioritise or disqualify.,1.9
4,72.6,Negative,High,3,Partially Approved,No,High,No Objections,High,Proposal Sent,Multi-department Rollout,Competitor Pressure,Yes,36.1,Not Ready,Yes,35,41.12,LOW,Qualify further before investing sales capacity.,6.12
9,3.5,Neutral,Medium,2,Not Allocated,Indirect,High,Competitor Preference,Low,Rescheduled,Scalable Infrastructure,Budget Constraints,Yes,11.5,Fully Ready,No,29,29.29,LOW,Qualify further before investing sales capacity.,0.29
4,75.8,Positive,High,10,Fully Approved,Yes,Low,Long Implementation Time,Very High,Verbal Agreement,Compliance-driven Requirements,No Risk Identified,No,20.9,Partially Ready,No,77,78.89,HIGH,Prioritise - push for close this cycle.,1.89
5,34.2,Neutral,Medium,5,Not Allocated,Indirect,Low,Lack of Internal Buy-in; Missing Features,High,Discussed Requirements,Scalable Infrastructure,Internal Politics,Yes,45.5,Ready,Yes,41,37.72,LOW,Qualify further before investing sales capacity.,3.28
5,24.6,Neutral,Low,10,Partially Approved,Yes,Low,Long Implementation Time; Missing Features,Low,Proposal Sent,Compliance-driven Requirements,No Risk Identified,No,73.9,Not Ready,No,44,48.56,LOW,Qualify further before investing sales capacity.,4.56
6,52.4,Neutral,High,7,Fully Approved,Yes,Critical,No Objections,High,Proposal Sent,Scalable Infrastructure,No Risk Identified,No,85.9,Fully Ready,Yes,97,86.15,HIGH,Prioritise - push for close this cycle.,10.85
9,10.2,Negative,Medium,4,Fully Approved,Indirect,High,No Objections,Low,Rescheduled,Basic Feature Set,Economic Uncertainty,Yes,78.5,Partially Ready,No,46,46.13,LOW,Qualify further before investing sales capacity.,0.13
8,18.2,Positive,Low,7,Under Review,Yes,Medium,Competitor Preference; Long Implementation Time; Unfavorable Contract Terms,Low,Discussed Requirements,Enterprise-grade Security,Budget Constraints,Yes,85.3,Partially Ready,No,37,34.93,LOW,Qualify further before investing sales capacity.,2.07
6,39.3,Neutral,Low,9,Partially Approved,Indirect,Low,Missing Features; Poor Past Experience / Support; Price Too High; Security / Compliance Concerns,High,Verbal Agreement,Enterprise-grade Security,Economic Uncertainty,No,26.1,Ready,No,41,49.6,LOW,Qualify further before investing sales capacity.,8.6
7,44.1,Neutral,Low,5,Under Review,Yes,Low,Competitor Preference; Missing Features; No Urgent Business Need,Low,Discussed Requirements,Compliance-driven Requirements,Technical Concerns,Yes,66.2,Partially Ready,No,31,31.93,LOW,Qualify further before investing sales capacity.,0.93
7,91.5,Neutral,Medium,7,Under Review,Indirect,Medium,Lack of Internal Buy-in; Missing Features; Price Too High,Medium,Rescheduled,Enterprise-grade Security,Stakeholder Turnover,No,87.8,Ready,Yes,43,43.08,LOW,Qualify further before investing sales capacity.,0.08
10,93.7,Positive,Low,8,Fully Approved,Yes,Low,No Objections,Low,Verbal Agreement,API / Technical Integration,No Risk Identified,Yes,82.3,Partially Ready,Yes,76,70.27,MEDIUM,"Nurture - resolve open objections, confirm budget.",5.73
6,67.5,Positive,High,8,Fully Approved,Yes,High,Security / Compliance Concerns,Medium,Proposal Sent,Compliance-driven Requirements,No Risk Identified,No,81.7,Ready,No,85,81.76,HIGH,Prioritise - push for close this cycle.,3.24
6,82.8,Neutral,High,7,Fully Approved,Yes,Medium,Security / Compliance Concerns,High,Discussed Requirements,Compliance-driven Requirements,Economic Uncertainty,No,46.1,Ready,Yes,70,68.54,MEDIUM,"Nurture - resolve open objections, confirm budget.",1.46
8,92.8,Positive,Medium,2,Partially Approved,Yes,High,Competitor Preference; Unfavorable Contract Terms,High,Verbal Agreement,Compliance-driven Requirements,No Risk Identified,Yes,20.3,Fully Ready,Yes,72,70.13,MEDIUM,"Nurture - resolve open objections, confirm budget.",1.87
4,49.2,Negative,Medium,3,Under Review,No,High,No Objections,High,No Show / Cancelled,Basic Feature Set,No Risk Identified,No,16.7,Partially Ready,No,39,43.45,LOW,Qualify further before investing sales capacity.,4.45
8,88.9,Positive,Low,8,Under Review,No,Medium,Long Implementation Time; Missing Features,High,Proposal Sent,Enterprise-grade Security,Stakeholder Turnover,No,18.0,Not Ready,Yes,27,37.14,LOW,Qualify further before investing sales capacity.,10.14
6,72.0,Positive,High,7,Partially Approved,Yes,Critical,No Objections,Low,Discussed Requirements,Standard Package,Budget Constraints,No,75.6,Ready,Yes,82,71.38,MEDIUM,"Nurture - resolve open objections, confirm budget.",10.62
6,75.2,Negative,Low,3,Under Review,Indirect,Low,Budget Not Allocated; Long Implementation Time; Poor Past Experience / Support; Price Too High,Medium,Proposal Sent,API / Technical Integration,Competitor Pressure,Yes,40.6,Not Ready,Yes,32,29.07,LOW,Qualify further before investing sales capacity.,2.93
5,60.4,Neutral,Low,4,Fully Approved,Yes,Medium,Competitor Preference; No Urgent Business Need; Price Too High,Medium,Discussed Requirements,Multi-department Rollout,Economic Uncertainty,Yes,82.7,Ready,Yes,54,51.26,MEDIUM,"Nurture - resolve open objections, confirm budget.",2.74
7,68.4,Negative,Medium,2,Fully Approved,No,Medium,Competitor Preference; Long Implementation Time,Very High,Proposal Sent,API / Technical Integration,Timeline Conflict,Yes,73.6,Not Ready,Yes,50,47.16,LOW,Qualify further before investing sales capacity.,2.84
7,7.3,Negative,Medium,6,Not Allocated,No,Medium,Long Implementation Time; Price Too High,Low,Discussed Requirements,Multi-department Rollout,Technical Concerns,No,81.1,Not Ready,No,29,19.88,VERY LOW,Deprioritise or disqualify.,9.12
14,74.2,Positive,High,4,Under Review,Indirect,Critical,Price Too High,Very High,Proposal Sent,API / Technical Integration,Budget Constraints,No,82.0,Fully Ready,No,51,50.49,MEDIUM,"Nurture - resolve open objections, confirm budget.",0.51
7,37.4,Negative,Low,9,Fully Approved,Indirect,High,Lack of Internal Buy-in,Low,Rescheduled,Multi-department Rollout,No Risk Identified,No,74.6,Partially Ready,Yes,50,50.38,MEDIUM,"Nurture - resolve open objections, confirm budget.",0.38
5,11.8,Positive,Medium,9,Not Allocated,Indirect,Medium,No Objections,High,Proposal Sent,API / Technical Integration,Budget Constraints,No,87.2,Ready,No,41,44.51,LOW,Qualify further before investing sales capacity.,3.51
5,10.5,Negative,Low,2,Under Review,No,Medium,Missing Features,Medium,Rescheduled,Basic Feature Set,No Risk Identified,No,14.1,Not Ready,No,45,37.57,LOW,Qualify further before investing sales capacity.,7.43
7,69.1,Positive,Low,9,Under Review,Yes,Critical,Long Implementation Time,Very High,Discussed Requirements,Multi-department Rollout,Economic Uncertainty,No,54.2,Not Ready,No,41,44.51,LOW,Qualify further before investing sales capacity.,3.51
8,73.9,Neutral,Medium,1,Fully Approved,Yes,Medium,No Objections,Low,Rescheduled,Multi-department Rollout,No Risk Identified,No,64.9,Not Ready,No,49,57.4,MEDIUM,"Nurture - resolve open objections, confirm budget.",8.4
5,43.5,Positive,Medium,9,Not Allocated,Yes,Medium,Budget Not Allocated; Long Implementation Time,Very High,Proposal Sent,Multi-department Rollout,Competitor Pressure,Yes,9.3,Not Ready,No,35,40.44,LOW,Qualify further before investing sales capacity.,5.44
6,62.0,Positive,Low,4,Fully Approved,Yes,High,Poor Past Experience / Support,Medium,Proposal Sent,Standard Package,No Risk Identified,No,67.5,Ready,No,78,72.52,MEDIUM,"Nurture - resolve open objections, confirm budget.",5.48
6,19.2,Positive,Medium,9,Fully Approved,No,Critical,Lack of Internal Buy-in; Long Implementation Time,Low,Discussed Requirements,Enterprise-grade Security,Internal Politics,Yes,41.0,Partially Ready,No,39,38.78,LOW,Qualify further before investing sales capacity.,0.22
5,50.2,Neutral,High,6,Not Allocated,No,Medium,Price Too High,Low,Rescheduled,Compliance-driven Requirements,Technical Concerns,No,29.3,Ready,Yes,36,32.0,LOW,Qualify further before investing sales capacity.,4.0
5,70.0,Negative,Medium,7,Partially Approved,No,High,Lack of Internal Buy-in; Missing Features,High,Proposal Sent,Basic Feature Set,No Risk Identified,No,84.6,Ready,No,64,54.58,MEDIUM,"Nurture - resolve open objections, confirm budget.",9.42
3,81.9,Positive,Medium,7,Under Review,Yes,Low,Budget Not Allocated; Missing Features,Very High,Proposal Sent,Customized Integration,No Risk Identified,Yes,28.7,Not Ready,No,50,48.75,LOW,Qualify further before investing sales capacity.,1.25
8,61.4,Negative,High,4,Fully Approved,Indirect,High,Competitor Preference,High,Proposal Sent,Standard Package,No Risk Identified,Yes,27.4,Ready,Yes,70,66.44,MEDIUM,"Nurture - resolve open objections, confirm budget.",3.56
2,51.2,Negative,High,2,Under Review,No,High,Lack of Internal Buy-in; Long Implementation Time,Medium,Discussed Requirements,Compliance-driven Requirements,Budget Constraints,No,27.7,Not Ready,Yes,23,23.8,VERY LOW,Deprioritise or disqualify.,0.8
3,14.4,Negative,Medium,1,Under Review,No,Low,No Objections,Very High,Rescheduled,Compliance-driven Requirements,No Risk Identified,No,7.3,Ready,Yes,41,42.24,LOW,Qualify further before investing sales capacity.,1.24
6,84.8,Neutral,Medium,3,Fully Approved,Yes,Critical,No Objections,Medium,Verbal Agreement,Multi-department Rollout,Technical Concerns,No,53.6,Partially Ready,Yes,68,71.83,MEDIUM,"Nurture - resolve open objections, confirm budget.",3.83
8,35.5,Negative,High,6,Partially Approved,No,Medium,Long Implementation Time; Security / Compliance Concerns,High,Discussed Requirements,Multi-department Rollout,Competitor Pressure,Yes,96.3,Not Ready,No,43,36.66,LOW,Qualify further before investing sales capacity.,6.34
8,67.8,Positive,Medium,4,Fully Approved,No,Medium,Competitor Preference,Low,Proposal Sent,Multi-department Rollout,Competitor Pressure,Yes,80.4,Not Ready,Yes,39,47.28,LOW,Qualify further before investing sales capacity.,8.28
8,14.0,Neutral,Low,3,Partially Approved,No,High,Competitor Preference; Missing Features; Unfavorable Contract Terms,Low,Discussed Requirements,Basic Feature Set,Internal Politics,Yes,38.4,Not Ready,No,27,24.56,VERY LOW,Deprioritise or disqualify.,2.44
11,19.8,Positive,Low,9,Under Review,Indirect,High,Budget Not Allocated,High,Proposal Sent,Customized Integration,No Risk Identified,No,74.9,Ready,No,49,46.67,LOW,Qualify further before investing sales capacity.,2.33
9,88.0,Neutral,Medium,3,Under Review,Yes,High,Competitor Preference; Poor Past Experience / Support,High,Proposal Sent,Multi-department Rollout,Economic Uncertainty,Yes,91.4,Fully Ready,Yes,39,51.73,MEDIUM,"Nurture - resolve open objections, confirm budget.",12.73
4,4.4,Neutral,Low,6,Not Allocated,No,Low,Price Too High; Security / Compliance Concerns,Low,No Show / Cancelled,Enterprise-grade Security,Economic Uncertainty,Yes,65.2,Not Ready,No,22,19.17,VERY LOW,Deprioritise or disqualify.,2.83
1,31.3,Negative,Low,4,Partially Approved,Indirect,Medium,Competitor Preference,Medium,No Show / Cancelled,Scalable Infrastructure,Stakeholder Turnover,Yes,36.4,Ready,Yes,34,37.19,LOW,Qualify further before investing sales capacity.,3.19
7,40.0,Positive,Low,9,Under Review,Yes,Low,Competitor Preference; Long Implementation Time; Missing Features,Low,Rescheduled,Enterprise-grade Security,Competitor Pressure,Yes,70.7,Not Ready,No,41,35.68,LOW,Qualify further before investing sales capacity.,5.32
4,55.0,Negative,Medium,1,Not Allocated,No,Critical,Lack of Internal Buy-in,High,No Show / Cancelled,Multi-department Rollout,Technical Concerns,No,14.4,Ready,No,27,27.57,LOW,Qualify further before investing sales capacity.,0.57
6,76.8,Positive,Medium,8,Under Review,Yes,Medium,No Objections,High,Proposal Sent,Basic Feature Set,No Risk Identified,No,88.2,Ready,No,69,66.69,MEDIUM,"Nurture - resolve open objections, confirm budget.",2.31
4,50.8,Negative,High,1,Not Allocated,No,High,Budget Not Allocated; Lack of Internal Buy-in,Very High,No Show / Cancelled,Scalable Infrastructure,Stakeholder Turnover,No,11.9,Fully Ready,No,33,34.92,LOW,Qualify further before investing sales capacity.,1.92
5,33.2,Positive,High,10,Partially Approved,Yes,High,Unfavorable Contract Terms,High,Verbal Agreement,API / Technical Integration,No Risk Identified,Yes,57.5,Fully Ready,Yes,76,81.65,HIGH,Prioritise - push for close this cycle.,5.65
2,33.6,Negative,High,5,Partially Approved,Indirect,Critical,Price Too High,Very High,Discussed Requirements,API / Technical Integration,Stakeholder Turnover,No,3.1,Partially Ready,Yes,50,47.08,LOW,Qualify further before investing sales capacity.,2.92
4,23.3,Negative,Medium,1,Fully Approved,Indirect,High,Lack of Internal Buy-in,Very High,Discussed Requirements,Enterprise-grade Security,No Risk Identified,Yes,13.2,Partially Ready,Yes,45,54.37,MEDIUM,"Nurture - resolve open objections, confirm budget.",9.37
10,54.0,Neutral,Low,5,Under Review,Yes,High,No Objections,Medium,Discussed Requirements,Scalable Infrastructure,Technical Concerns,Yes,84.3,Ready,No,43,40.57,LOW,Qualify further before investing sales capacity.,2.43
5,7.6,Negative,Medium,1,Not Allocated,No,High,Poor Past Experience / Support,Low,No Show / Cancelled,Enterprise-grade Security,Internal Politics,No,2.5,Not Ready,No,19,21.41,VERY LOW,Deprioritise or disqualify.,2.41
5,7.0,Neutral,Low,2,Partially Approved,No,High,Lack of Internal Buy-in; Missing Features,Low,No Show / Cancelled,Compliance-driven Requirements,No Risk Identified,No,27.1,Fully Ready,No,41,37.37,LOW,Qualify further before investing sales capacity.,3.63
10,58.2,Neutral,High,4,Partially Approved,Indirect,High,No Objections,Medium,Discussed Requirements,API / Technical Integration,No Risk Identified,No,84.9,Ready,No,63,57.93,MEDIUM,"Nurture - resolve open objections, confirm budget.",5.07
6,21.4,Neutral,Medium,2,Not Allocated,No,Medium,Lack of Internal Buy-in,High,No Show / Cancelled,Standard Package,No Risk Identified,Yes,29.6,Ready,Yes,37,39.36,LOW,Qualify further before investing sales capacity.,2.36
6,4.8,Negative,Low,2,Not Allocated,No,High,Lack of Internal Buy-in; Price Too High,Low,No Show / Cancelled,Scalable Infrastructure,Stakeholder Turnover,No,17.0,Fully Ready,No,34,29.71,LOW,Qualify further before investing sales capacity.,4.29
4,98.8,Positive,Medium,10,Fully Approved,Yes,Low,No Objections,Very High,Verbal Agreement,Customized Integration,No Risk Identified,No,65.9,Fully Ready,Yes,96,86.13,HIGH,Prioritise - push for close this cycle.,9.87
5,6.7,Positive,Medium,10,Under Review,Yes,High,No Objections,Low,Proposal Sent,Compliance-driven Requirements,Budget Constraints,Yes,58.7,Fully Ready,No,45,47.07,LOW,Qualify further before investing sales capacity.,2.07
3,84.4,Neutral,High,3,Fully Approved,No,Medium,No Objections,High,Proposal Sent,Scalable Infrastructure,Technical Concerns,No,22.9,Not Ready,Yes,55,54.35,MEDIUM,"Nurture - resolve open objections, confirm budget.",0.65
5,32.3,Positive,Low,8,Partially Approved,No,Low,Competitor Preference; Price Too High,Low,Discussed Requirements,Basic Feature Set,Economic Uncertainty,Yes,34.5,Partially Ready,No,35,32.28,LOW,Qualify further before investing sales capacity.,2.72
7,87.3,Neutral,Medium,7,Fully Approved,Yes,Critical,Missing Features,Low,Discussed Requirements,Basic Feature Set,No Risk Identified,No,30.3,Partially Ready,Yes,84,69.18,MEDIUM,"Nurture - resolve open objections, confirm budget.",14.82
9,45.4,Neutral,Medium,4,Under Review,Indirect,High,Security / Compliance Concerns,High,Proposal Sent,Enterprise-grade Security,Internal Politics,No,50.3,Ready,Yes,52,42.99,LOW,Qualify further before investing sales capacity.,9.01
4,42.2,Neutral,Low,6,Partially Approved,Indirect,High,Unfavorable Contract Terms,Medium,Discussed Requirements,Customized Integration,No Risk Identified,No,3.8,Not Ready,No,37,45.34,LOW,Qualify further before investing sales capacity.,8.34
10,43.2,Positive,Low,6,Partially Approved,Indirect,High,No Objections,Medium,Proposal Sent,Enterprise-grade Security,No Risk Identified,No,60.7,Fully Ready,Yes,65,59.99,MEDIUM,"Nurture - resolve open objections, confirm budget.",5.01
5,91.8,Positive,Medium,8,Fully Approved,Yes,Low,No Objections,Very High,Proposal Sent,Standard Package,No Risk Identified,Yes,61.7,Fully Ready,No,81,82.57,HIGH,Prioritise - push for close this cycle.,1.57
9,90.2,Neutral,Low,5,Under Review,Indirect,Low,Lack of Internal Buy-in,Low,Discussed Requirements,Enterprise-grade Security,No Risk Identified,Yes,94.6,Partially Ready,No,33,37.28,LOW,Qualify further before investing sales capacity.,4.28
7,24.3,Positive,Medium,10,Under Review,Yes,Medium,Missing Features; Poor Past Experience / Support,Medium,Verbal Agreement,Basic Feature Set,Budget Constraints,Yes,79.8,Partially Ready,No,57,55.09,MEDIUM,"Nurture - resolve open objections, confirm budget.",1.91
8,32.9,Negative,Low,2,Fully Approved,No,Low,Competitor Preference; Lack of Internal Buy-in; Long Implementation Time; Price Too High,Low,Rescheduled,Compliance-driven Requirements,Competitor Pressure,Yes,52.9,Not Ready,No,15,18.14,VERY LOW,Deprioritise or disqualify.,3.14
7,77.1,Positive,Low,7,Not Allocated,Indirect,Medium,Lack of Internal Buy-in,Medium,Proposal Sent,Scalable Infrastructure,Internal Politics,No,43.5,Fully Ready,No,42,43.8,LOW,Qualify further before investing sales capacity.,1.8
9,24.0,Neutral,Medium,5,Partially Approved,Indirect,High,Missing Features; Poor Past Experience / Support,Low,Discussed Requirements,Compliance-driven Requirements,No Risk Identified,No,45.2,Not Ready,No,34,41.03,LOW,Qualify further before investing sales capacity.,7.03
12,48.6,Neutral,Medium,5,Under Review,Indirect,Critical,Competitor Preference; Poor Past Experience / Support,Medium,Discussed Requirements,Compliance-driven Requirements,No Risk Identified,Yes,54.5,Fully Ready,No,38,38.83,LOW,Qualify further before investing sales capacity.,0.83
4,56.0,Neutral,High,5,Under Review,No,Low,No Objections,Very High,Discussed Requirements,Multi-department Rollout,No Risk Identified,No,89.5,Ready,Yes,49,50.12,MEDIUM,"Nurture - resolve open objections, confirm budget.",1.12
4,62.4,Negative,Medium,6,Partially Approved,No,Medium,Long Implementation Time,Medium,No Show / Cancelled,Customized Integration,Budget Constraints,No,53.2,Not Ready,Yes,41,33.61,LOW,Qualify further before investing sales capacity.,7.39
7,3.8,Negative,Medium,1,Not Allocated,No,Critical,Lack of Internal Buy-in; Price Too High,Medium,Rescheduled,Customized Integration,Internal Politics,No,95.3,Fully Ready,No,25,28.62,LOW,Qualify further before investing sales capacity.,3.62
5,34.8,Neutral,High,7,Partially Approved,Yes,Medium,Long Implementation Time,Medium,Proposal Sent,Customized Integration,No Risk Identified,No,76.5,Partially Ready,No,67,63.49,MEDIUM,"Nurture - resolve open objections, confirm budget.",3.51
9,40.3,Negative,High,4,Under Review,No,Critical,Lack of Internal Buy-in,Medium,Rescheduled,Scalable Infrastructure,Budget Constraints,No,38.7,Partially Ready,No,28,33.78,LOW,Qualify further before investing sales capacity.,5.78
7,14.7,Positive,Low,5,Not Allocated,No,Low,Lack of Internal Buy-in,Medium,Proposal Sent,Standard Package,No Risk Identified,No,23.8,Fully Ready,No,44,44.34,LOW,Qualify further before investing sales capacity.,0.34
5,75.5,Positive,High,6,Not Allocated,Yes,Critical,No Objections,Medium,Proposal Sent,Scalable Infrastructure,No Risk Identified,No,22.5,Fully Ready,Yes,60,55.75,MEDIUM,"Nurture - resolve open objections, confirm budget.",4.25
6,56.3,Neutral,Medium,7,Under Review,Indirect,Medium,No Objections,Low,Rescheduled,Multi-department Rollout,No Risk Identified,No,98.5,Not Ready,Yes,46,44.75,LOW,Qualify further before investing sales capacity.,1.25
8,71.6,Negative,Medium,3,Not Allocated,No,Critical,Price Too High,Medium,Discussed Requirements,API / Technical Integration,Economic Uncertainty,No,17.4,Partially Ready,No,36,28.62,LOW,Qualify further before investing sales capacity.,7.38
6,66.5,Neutral,High,10,Not Allocated,Yes,Medium,Budget Not Allocated; Price Too High,Very High,Proposal Sent,Compliance-driven Requirements,Economic Uncertainty,No,31.9,Partially Ready,Yes,48,47.36,LOW,Qualify further before investing sales capacity.,0.64
6,55.3,Positive,Low,4,Partially Approved,Yes,Low,Long Implementation Time,Medium,Proposal Sent,Customized Integration,Competitor Pressure,Yes,77.5,Partially Ready,No,50,51.24,MEDIUM,"Nurture - resolve open objections, confirm budget.",1.24
6,12.8,Negative,Medium,3,Under Review,No,Medium,Budget Not Allocated; Competitor Preference; Price Too High,Low,Rescheduled,Standard Package,Competitor Pressure,Yes,55.5,Ready,No,33,32.66,LOW,Qualify further before investing sales capacity.,0.34
10,96.6,Negative,Low,2,Fully Approved,Yes,Low,Competitor Preference; Long Implementation Time; No Urgent Business Need,High,Rescheduled,API / Technical Integration,No Risk Identified,Yes,93.0,Partially Ready,Yes,38,52.94,MEDIUM,"Nurture - resolve open objections, confirm budget.",14.94
4,54.7,Positive,Medium,5,Fully Approved,Yes,High,Long Implementation Time; Missing Features; Unfavorable Contract Terms,Low,Rescheduled,API / Technical Integration,No Risk Identified,No,10.2,Partially Ready,No,64,57.58,MEDIUM,"Nurture - resolve open objections, confirm budget.",6.42
4,9.2,Neutral,Medium,7,Under Review,Yes,Critical,Missing Features,Very High,No Show / Cancelled,API / Technical Integration,No Risk Identified,No,25.8,Ready,No,55,48.76,LOW,Qualify further before investing sales capacity.,6.24
9,48.9,Neutral,Low,8,Not Allocated,No,Low,Long Implementation Time; Missing Features; Poor Past Experience / Support; Price Too High,Low,Proposal Sent,Multi-department Rollout,Internal Politics,Yes,92.4,Not Ready,No,19,18.52,VERY LOW,Deprioritise or disqualify.,0.48
4,78.0,Positive,Low,4,Under Review,Indirect,Low,Lack of Internal Buy-in; No Urgent Business Need,Very High,Proposal Sent,Basic Feature Set,No Risk Identified,No,43.9,Partially Ready,No,49,48.37,LOW,Qualify further before investing sales capacity.,0.63
6,23.6,Negative,Medium,2,Partially Approved,No,High,Price Too High,Low,No Show / Cancelled,Basic Feature Set,Internal Politics,Yes,21.2,Partially Ready,No,33,30.95,LOW,Qualify further before investing sales capacity.,2.05
7,52.8,Positive,High,5,Partially Approved,Indirect,High,No Objections,High,Verbal Agreement,Basic Feature Set,Economic Uncertainty,No,18.3,Partially Ready,Yes,72,65.8,MEDIUM,"Nurture - resolve open objections, confirm budget.",6.2
8,94.7,Positive,High,9,Fully Approved,Yes,Medium,No Objections,High,Verbal Agreement,Compliance-driven Requirements,No Risk Identified,No,91.1,Partially Ready,Yes,92,92.95,HIGH,Prioritise - push for close this cycle.,0.95
4,15.0,Neutral,Medium,8,Under Review,Yes,Low,Budget Not Allocated,Medium,Discussed Requirements,Basic Feature Set,No Risk Identified,No,43.2,Fully Ready,No,57,52.94,MEDIUM,"Nurture - resolve open objections, confirm budget.",4.06
6,53.7,Positive,Medium,5,Not Allocated,Indirect,Critical,Lack of Internal Buy-in,High,Discussed Requirements,Basic Feature Set,Budget Constraints,Yes,47.1,Fully Ready,No,35,40.2,LOW,Qualify further before investing sales capacity.,5.2
11,51.8,Negative,High,2,Partially Approved,Indirect,Medium,Lack of Internal Buy-in; No Urgent Business Need,High,Verbal Agreement,Customized Integration,No Risk Identified,No,62.0,Ready,No,53,56.34,MEDIUM,"Nurture - resolve open objections, confirm budget.",3.34
4,80.9,Positive,Medium,5,Under Review,Indirect,High,Budget Not Allocated,Low,Rescheduled,Compliance-driven Requirements,No Risk Identified,No,95.6,Ready,No,51,46.48,LOW,Qualify further before investing sales capacity.,4.52
8,97.6,Positive,High,9,Not Allocated,Indirect,Medium,Price Too High,Very High,Proposal Sent,Customized Integration,No Risk Identified,No,70.4,Not Ready,Yes,46,54.55,MEDIUM,"Nurture - resolve open objections, confirm budget.",8.55
4,64.0,Neutral,Low,4,Partially Approved,Indirect,Low,Competitor Preference,Medium,No Show / Cancelled,API / Technical Integration,Economic Uncertainty,Yes,15.7,Fully Ready,No,40,39.59,LOW,Qualify further before investing sales capacity.,0.41
9,54.4,Positive,Medium,9,Partially Approved,Indirect,Low,Lack of Internal Buy-in; Missing Features; No Urgent Business Need,Low,Verbal Agreement,Standard Package,No Risk Identified,No,72.0,Fully Ready,No,61,61.16,MEDIUM,"Nurture - resolve open objections, confirm budget.",0.16
4,9.9,Negative,Medium,6,Under Review,No,High,Budget Not Allocated; Price Too High,High,Discussed Requirements,API / Technical Integration,Economic Uncertainty,No,31.3,Not Ready,Yes,34,33.27,LOW,Qualify further before investing sales capacity.,0.73
7,58.8,Positive,Low,9,Under Review,Yes,Medium,Competitor Preference; Long Implementation Time; Security / Compliance Concerns,Medium,Discussed Requirements,Compliance-driven Requirements,Budget Constraints,Yes,60.4,Partially Ready,Yes,40,41.87,LOW,Qualify further before investing sales capacity.,1.87
8,59.2,Neutral,Medium,6,Partially Approved,Yes,High,No Objections,High,Discussed Requirements,Compliance-driven Requirements,Technical Concerns,No,13.8,Not Ready,Yes,51,56.51,MEDIUM,"Nurture - resolve open objections, confirm budget.",5.51
8,53.1,Neutral,High,4,Partially Approved,Indirect,High,No Objections,High,Discussed Requirements,Standard Package,Economic Uncertainty,No,46.8,Partially Ready,Yes,57,56.82,MEDIUM,"Nurture - resolve open objections, confirm budget.",0.18
10,88.3,Positive,High,8,Fully Approved,Yes,Medium,No Objections,High,Proposal Sent,Multi-department Rollout,No Risk Identified,No,94.0,Partially Ready,No,79,81.18,HIGH,Prioritise - push for close this cycle.,2.18
9,83.2,Neutral,High,8,Partially Approved,Indirect,High,Competitor Preference; Missing Features,Very High,Proposal Sent,Enterprise-grade Security,No Risk Identified,Yes,54.9,Fully Ready,Yes,70,61.94,MEDIUM,"Nurture - resolve open objections, confirm budget.",8.06
3,38.4,Neutral,Low,6,Partially Approved,No,Medium,Price Too High,Low,Rescheduled,Basic Feature Set,No Risk Identified,No,79.4,Partially Ready,No,44,45.46,LOW,Qualify further before investing sales capacity.,1.46
8,81.6,Negative,High,2,Fully Approved,Yes,Critical,Competitor Preference,Very High,Rescheduled,Standard Package,No Risk Identified,Yes,57.1,Not Ready,Yes,57,69.15,MEDIUM,"Nurture - resolve open objections, confirm budget.",12.15
12,32.0,Neutral,High,5,Partially Approved,Yes,Medium,No Objections,High,Verbal Agreement,Scalable Infrastructure,No Risk Identified,Yes,96.6,Ready,Yes,59,69.65,MEDIUM,"Nurture - resolve open objections, confirm budget.",10.65
7,26.2,Positive,Low,9,Not Allocated,No,Medium,Competitor Preference; Poor Past Experience / Support; Unfavorable Contract Terms,Low,Rescheduled,Compliance-driven Requirements,No Risk Identified,Yes,89.1,Not Ready,No,23,28.94,LOW,Qualify further before investing sales capacity.,5.94
12,6.4,Positive,Low,6,Under Review,Indirect,Medium,Long Implementation Time; Poor Past Experience / Support; Price Too High,Medium,Discussed Requirements,Multi-department Rollout,Internal Politics,No,50.7,Partially Ready,Yes,30,28.59,LOW,Qualify further before investing sales capacity.,1.41
6,67.2,Positive,Medium,9,Not Allocated,Yes,Medium,Budget Not Allocated; Missing Features,Medium,Discussed Requirements,API / Technical Integration,No Risk Identified,No,47.4,Ready,Yes,54,51.12,MEDIUM,"Nurture - resolve open objections, confirm budget.",2.88
3,31.0,Neutral,Medium,6,Partially Approved,Indirect,Low,Lack of Internal Buy-in,Medium,Proposal Sent,Standard Package,Stakeholder Turnover,No,24.8,Fully Ready,Yes,55,55.93,MEDIUM,"Nurture - resolve open objections, confirm budget.",0.93
4,31.6,Neutral,Medium,6,Fully Approved,Yes,Low,Long Implementation Time; Missing Features,High,No Show / Cancelled,API / Technical Integration,No Risk Identified,No,5.7,Partially Ready,No,46,55.23,MEDIUM,"Nurture - resolve open objections, confirm budget.",9.23
6,29.4,Neutral,High,8,Not Allocated,Indirect,High,Price Too High,Medium,Proposal Sent,Basic Feature Set,Economic Uncertainty,No,97.2,Ready,No,51,43.87,LOW,Qualify further before investing sales capacity.,7.13
4,83.5,Positive,Low,9,Fully Approved,Yes,Low,Long Implementation Time; Poor Past Experience / Support; Unfavorable Contract Terms,High,Verbal Agreement,Customized Integration,No Risk Identified,No,69.4,Not Ready,No,62,66.66,MEDIUM,"Nurture - resolve open objections, confirm budget.",4.66
3,73.2,Negative,Low,2,Partially Approved,No,Low,Price Too High,Very High,Rescheduled,Customized Integration,Economic Uncertainty,No,14.8,Ready,Yes,35,39.15,LOW,Qualify further before investing sales capacity.,4.15
9,29.1,Positive,Low,3,Fully Approved,Yes,Medium,Competitor Preference; Missing Features,Medium,Rescheduled,API / Technical Integration,No Risk Identified,Yes,36.8,Not Ready,No,48,43.44,LOW,Qualify further before investing sales capacity.,4.56
6,53.4,Negative,Medium,4,Under Review,No,Critical,No Objections,Medium,Discussed Requirements,Scalable Infrastructure,Stakeholder Turnover,Yes,26.4,Ready,No,30,35.69,LOW,Qualify further before investing sales capacity.,5.69
8,57.6,Positive,High,8,Fully Approved,Yes,Low,Competitor Preference,High,Verbal Agreement,Basic Feature Set,No Risk Identified,Yes,96.9,Partially Ready,No,88,85.93,HIGH,Prioritise - push for close this cycle.,2.07
8,13.1,Positive,Medium,9,Fully Approved,Yes,Medium,No Objections,High,Verbal Agreement,Multi-department Rollout,No Risk Identified,No,97.5,Partially Ready,No,74,74.44,MEDIUM,"Nurture - resolve open objections, confirm budget.",0.44
4,94.0,Positive,High,8,Under Review,Yes,High,Budget Not Allocated; Security / Compliance Concerns,Very High,Verbal Agreement,Enterprise-grade Security,No Risk Identified,No,64.6,Partially Ready,Yes,76,70.97,MEDIUM,"Nurture - resolve open objections, confirm budget.",5.03
5,96.0,Neutral,Medium,7,Fully Approved,Yes,Medium,Long Implementation Time,High,Verbal Agreement,Customized Integration,No Risk Identified,No,83.3,Not Ready,Yes,65,77.2,HIGH,Prioritise - push for close this cycle.,12.2
7,87.0,Positive,Medium,10,Partially Approved,Yes,Medium,No Objections,High,Proposal Sent,Scalable Infrastructure,No Risk Identified,No,79.1,Partially Ready,No,73,76.37,HIGH,Prioritise - push for close this cycle.,3.37
9,68.1,Neutral,High,7,Partially Approved,Indirect,High,No Objections,Very High,Proposal Sent,Standard Package,No Risk Identified,No,98.8,Ready,No,70,66.16,MEDIUM,"Nurture - resolve open objections, confirm budget.",3.84
8,82.2,Positive,High,10,Partially Approved,Yes,Medium,No Objections,Very High,Verbal Agreement,API / Technical Integration,No Risk Identified,Yes,93.3,Fully Ready,Yes,99,89.19,HIGH,Prioritise - push for close this cycle.,9.81
8,47.3,Positive,High,7,Under Review,Yes,High,No Objections,Very High,Verbal Agreement,Customized Integration,No Risk Identified,No,71.4,Not Ready,Yes,66,67.16,MEDIUM,"Nurture - resolve open objections, confirm budget.",1.16
8,11.5,Negative,Low,4,Not Allocated,No,High,Missing Features; Price Too High,Low,Rescheduled,Basic Feature Set,Economic Uncertainty,No,37.7,Ready,No,18,27.88,LOW,Qualify further before investing sales capacity.,9.88
6,49.9,Negative,Low,1,Not Allocated,No,Low,Long Implementation Time; Price Too High,High,Discussed Requirements,Customized Integration,Stakeholder Turnover,No,68.1,Partially Ready,No,33,27.65,LOW,Qualify further before investing sales capacity.,5.35
9,92.1,Positive,High,9,Fully Approved,Yes,Low,No Objections,High,Verbal Agreement,Enterprise-grade Security,No Risk Identified,No,88.5,Ready,Yes,85,87.31,HIGH,Prioritise - push for close this cycle.,2.31
6,85.7,Positive,Medium,8,Under Review,No,Low,No Objections,Very High,Proposal Sent,Compliance-driven Requirements,No Risk Identified,No,28.4,Fully Ready,Yes,52,52.99,MEDIUM,"Nurture - resolve open objections, confirm budget.",0.99
10,97.9,Positive,High,7,Under Review,Indirect,Critical,Budget Not Allocated,Very High,Verbal Agreement,Standard Package,No Risk Identified,No,51.3,Ready,No,54,60.15,MEDIUM,"Nurture - resolve open objections, confirm budget.",6.15
7,44.8,Neutral,High,7,Not Allocated,Yes,High,Long Implementation Time,High,Proposal Sent,API / Technical Integration,No Risk Identified,No,24.5,Not Ready,Yes,39,48.45,LOW,Qualify further before investing sales capacity.,9.45
1,25.6,Negative,High,2,Under Review,No,High,No Objections,Low,No Show / Cancelled,Multi-department Rollout,Internal Politics,No,55.2,Partially Ready,No,23,28.48,LOW,Qualify further before investing sales capacity.,5.48
6,41.6,Negative,Medium,2,Under Review,No,Medium,Budget Not Allocated,Low,Proposal Sent,Multi-department Rollout,Competitor Pressure,Yes,10.6,Partially Ready,Yes,22,32.18,LOW,Qualify further before investing sales capacity.,10.18
12,46.0,Negative,High,4,Under Review,No,Critical,Competitor Preference; Security / Compliance Concerns; Unfavorable Contract Terms,Medium,Proposal Sent,Compliance-driven Requirements,No Risk Identified,Yes,84.0,Fully Ready,No,35,36.33,LOW,Qualify further before investing sales capacity.,1.33
3,36.1,Negative,Medium,7,Under Review,No,Medium,Missing Features,Medium,Rescheduled,Enterprise-grade Security,No Risk Identified,Yes,24.1,Not Ready,No,30,30.93,LOW,Qualify further before investing sales capacity.,0.93
4,23.0,Negative,Medium,1,Partially Approved,Indirect,High,Security / Compliance Concerns,Medium,Rescheduled,Compliance-driven Requirements,Economic Uncertainty,No,49.4,Not Ready,No,30,39.93,LOW,Qualify further before investing sales capacity.,9.93
7,21.1,Neutral,High,5,Fully Approved,Indirect,Critical,Lack of Internal Buy-in; Security / Compliance Concerns,Low,Discussed Requirements,Enterprise-grade Security,Stakeholder Turnover,No,61.0,Fully Ready,No,63,57.1,MEDIUM,"Nurture - resolve open objections, confirm budget.",5.9
7,78.4,Negative,High,3,Fully Approved,Indirect,High,Security / Compliance Concerns,High,Discussed Requirements,API / Technical Integration,No Risk Identified,No,30.6,Ready,No,64,64.99,MEDIUM,"Nurture - resolve open objections, confirm budget.",0.99
5,29.7,Neutral,High,5,Under Review,Indirect,Medium,Price Too High,Very High,Proposal Sent,Standard Package,No Risk Identified,No,52.3,Partially Ready,Yes,57,56.65,MEDIUM,"Nurture - resolve open objections, confirm budget.",0.35
3,61.1,Negative,Medium,4,Partially Approved,Indirect,Medium,Lack of Internal Buy-in; Long Implementation Time; No Urgent Business Need; Security / Compliance Concerns,Medium,No Show / Cancelled,Enterprise-grade Security,Budget Constraints,No,6.7,Not Ready,No,34,34.28,LOW,Qualify further before investing sales capacity.,0.28
4,21.7,Negative,Low,3,Under Review,No,Low,No Objections,Low,Proposal Sent,Scalable Infrastructure,No Risk Identified,Yes,37.4,Fully Ready,No,50,40.12,LOW,Qualify further before investing sales capacity.,9.88
7,39.6,Neutral,Low,8,Not Allocated,No,Low,Budget Not Allocated; Missing Features,Medium,Proposal Sent,Customized Integration,Economic Uncertainty,No,51.0,Ready,No,41,32.73,LOW,Qualify further before investing sales capacity.,8.27
7,96.9,Negative,Medium,3,Fully Approved,No,High,No Objections,Medium,Rescheduled,Customized Integration,No Risk Identified,No,67.2,Ready,No,46,53.94,MEDIUM,"Nurture - resolve open objections, confirm budget.",7.94
7,93.4,Neutral,High,9,Partially Approved,Yes,Medium,Security / Compliance Concerns,Very High,Discussed Requirements,Enterprise-grade Security,No Risk Identified,No,55.8,Partially Ready,No,70,71.91,MEDIUM,"Nurture - resolve open objections, confirm budget.",1.91
7,16.0,Positive,High,7,Fully Approved,Yes,Critical,Competitor Preference; Long Implementation Time; Security / Compliance Concerns,Low,Verbal Agreement,Compliance-driven Requirements,Economic Uncertainty,Yes,77.8,Partially Ready,Yes,72,66.29,MEDIUM,"Nurture - resolve open objections, confirm budget.",5.71
6,83.8,Negative,High,7,Under Review,Indirect,High,Security / Compliance Concerns,High,Verbal Agreement,Enterprise-grade Security,Stakeholder Turnover,No,92.7,Ready,No,62,54.73,MEDIUM,"Nurture - resolve open objections, confirm budget.",7.27
9,73.6,Neutral,Medium,5,Not Allocated,Indirect,High,Security / Compliance Concerns,Very High,Proposal Sent,Basic Feature Set,No Risk Identified,No,63.6,Ready,Yes,45,47.94,LOW,Qualify further before investing sales capacity.,2.94
7,22.0,Neutral,High,2,Partially Approved,Indirect,High,Long Implementation Time,Very High,Discussed Requirements,Enterprise-grade Security,No Risk Identified,No,44.8,Not Ready,No,50,51.68,MEDIUM,"Nurture - resolve open objections, confirm budget.",1.68
3,85.4,Negative,High,2,Fully Approved,No,High,No Objections,Medium,Proposal Sent,Basic Feature Set,No Risk Identified,No,61.3,Ready,No,61,64.63,MEDIUM,"Nurture - resolve open objections, confirm budget.",3.63
9,37.1,Positive,Medium,6,Under Review,Yes,Critical,Budget Not Allocated,High,Proposal Sent,Compliance-driven Requirements,Budget Constraints,No,69.7,Fully Ready,No,53,51.74,MEDIUM,"Nurture - resolve open objections, confirm budget.",1.26
4,27.2,Neutral,High,8,Under Review,No,Low,Budget Not Allocated; Price Too High,Very High,Rescheduled,Multi-department Rollout,Stakeholder Turnover,No,40.3,Not Ready,No,30,34.26,LOW,Qualify further before investing sales capacity.,4.26
8,72.9,Positive,Medium,10,Fully Approved,Yes,Low,No Urgent Business Need,Very High,Proposal Sent,Enterprise-grade Security,No Risk Identified,No,56.5,Partially Ready,No,76,72.68,MEDIUM,"Nurture - resolve open objections, confirm budget.",3.32
4,64.6,Negative,Medium,6,Fully Approved,No,Medium,No Objections,Medium,Rescheduled,Customized Integration,Stakeholder Turnover,Yes,60.0,Ready,No,44,43.64,LOW,Qualify further before investing sales capacity.,0.36
10,98.2,Neutral,Medium,9,Fully Approved,Indirect,Medium,No Objections,High,Verbal Agreement,Multi-department Rollout,Internal Politics,Yes,52.0,Fully Ready,Yes,62,66.49,MEDIUM,"Nurture - resolve open objections, confirm budget.",4.49
6,56.6,Neutral,High,5,Fully Approved,Indirect,Critical,No Objections,Medium,Discussed Requirements,Multi-department Rollout,No Risk Identified,No,64.2,Fully Ready,No,76,65.21,MEDIUM,"Nurture - resolve open objections, confirm budget.",10.79
8,96.3,Positive,High,8,Fully Approved,Yes,Critical,No Objections,Very High,Verbal Agreement,API / Technical Integration,No Risk Identified,No,78.8,Ready,Yes,99,100.0,HIGH,Prioritise - push for close this cycle.,1.0
5,34.5,Neutral,Medium,4,Under Review,Indirect,Medium,Missing Features,Medium,No Show / Cancelled,Basic Feature Set,Budget Constraints,No,2.2,Partially Ready,No,43,39.1,LOW,Qualify further before investing sales capacity.,3.9
6,26.8,Neutral,Medium,6,Under Review,Indirect,Medium,Price Too High; Security / Compliance Concerns,Medium,Proposal Sent,Scalable Infrastructure,Competitor Pressure,Yes,21.6,Ready,Yes,43,44.39,LOW,Qualify further before investing sales capacity.,1.39
6,41.9,Positive,Medium,7,Not Allocated,Indirect,Medium,Price Too High,Very High,Proposal Sent,Standard Package,No Risk Identified,No,19.6,Partially Ready,No,45,48.8,LOW,Qualify further before investing sales capacity.,3.8
5,80.6,Positive,High,9,Partially Approved,Yes,High,Missing Features,Very High,Verbal Agreement,Multi-department Rollout,No Risk Identified,No,56.2,Not Ready,No,81,77.15,HIGH,Prioritise - push for close this cycle.,3.85
5,81.2,Positive,High,8,Partially Approved,Indirect,Medium,Price Too High,High,Proposal Sent,Standard Package,Internal Politics,Yes,34.8,Fully Ready,Yes,69,63.14,MEDIUM,"Nurture - resolve open objections, confirm budget.",5.86
3,84.1,Negative,Low,4,Fully Approved,Indirect,Medium,Long Implementation Time,Low,No Show / Cancelled,Multi-department Rollout,No Risk Identified,No,15.4,Not Ready,No,42,38.95,LOW,Qualify further before investing sales capacity.,3.05
